data_size,iteration,predict_time,fit_time,log_predict_time,log_predict_time_single,predict_time_single,log_fit_time
100,0,2828545.0,34547457.0,14.855273003131456,15.013660743699344,3313981.0,
100,1,840187.0,21179366.0,13.641379765091171,15.087130608829863,3566626.0,
100,2,914206.0,21229899.0,13.725811207973535,14.935363654936573,3064404.0,
102,5,2866988.0,28555103.0,14.868772559296929,15.0100973511787,3302193.0,
101,3,2860216.0,22488959.0,14.86640770441973,15.002773629062256,3278097.0,
101,4,3012938.0,27283684.0,14.918426240403207,14.990786621367011,3239037.0,
103,7,3032706.0,30617001.0,14.924965848243358,14.917417413581813,3009900.0,
102,6,2978775.0,26042203.0,14.907022700142077,14.935240621814238,3064027.0,
104,9,3102963.0,28893966.0,14.947868019414857,14.943587146026797,3089708.0,
103,8,3126501.0,22348899.0,14.955425045835911,14.872415390762464,2877451.0,
104,10,3712686.0,25308726.0,15.127266161848178,15.071495473267202,3511295.0,
105,11,3206088.0,32428082.0,14.98056206030893,15.16844485870664,3868761.0,
106,13,3325753.0,29471796.0,15.017206672597913,14.845669472447732,2801511.0,
105,12,3030923.0,43513891.0,14.924377751560204,14.991901146314344,3242649.0,
107,15,3434220.0,31200846.0,15.04930038361752,15.1815876708446,3919943.0,
108,18,1663840.0,24549504.0,14.32463874189406,15.148616672513532,3792806.0,
106,14,1149607.0,23540625.0,13.954930702802875,15.020212896115684,3335766.0,
107,16,3161019.0,24680872.0,14.96640500193578,15.086430262203999,3564129.0,
108,17,3366514.0,23704080.0,15.02938834558054,15.259595410898513,4237972.0,
109,20,1040140.0,26645911.0,13.854865877442332,15.050726764214069,3439122.0,
109,19,3476553.0,25283862.0,15.061551843622894,15.196279683041325,3977960.0,
110,21,3685707.0,31237292.0,15.119972924090392,15.409383360131596,4922777.0,
110,22,3379139.0,24996030.0,15.033131501281243,15.234278159542182,4132025.0,
111,24,3479071.0,30385852.0,15.0622758620891,15.297172824495062,4400254.0,
111,23,3382988.0,24768346.0,15.034269900609052,15.305726099395667,4438052.0,
112,26,3560465.0,32045626.0,15.085401712275955,15.085476418828092,3560731.0,
112,25,3498315.0,31948011.0,15.067791981964271,15.234642563344337,4133531.0,
113,27,3563747.0,25882693.0,15.086323077398772,15.107915854017781,3641535.0,
115,32,4080297.0,26987439.0,15.221680337848628,15.10164695775192,3618778.0,
113,28,3666628.0,32385050.0,15.114782996584385,15.204944236267433,4012577.0,
115,31,3835719.0,36125372.0,15.159867458913357,15.11987253125586,3685337.0,
114,30,3691130.0,30767699.0,15.121443202199266,15.07384341436557,3519549.0,
114,29,3666786.0,26904441.0,15.114826087019487,15.384187724002414,4800294.0,
116,33,3709537.0,35016612.0,15.126417628952053,15.360800699574622,4689332.0,
116,34,3759925.0,27120791.0,15.139909568358625,15.30295641422982,4425777.0,
117,35,2555644.0,35581605.0,14.75381480465399,15.40811619922329,4916543.0,
119,39,4262065.0,34156739.0,15.265264342580245,15.451253246169683,5133269.0,
119,38,3972554.0,29039643.0,15.19491977075562,15.367087339122117,4718905.0,
118,36,4055917.0,28481732.0,15.215687360532927,15.563830025346226,5744940.0,
118,37,3847956.0,28317208.0,15.163052656190924,15.312387202551252,4467713.0,
120,41,4174810.0,36593500.0,15.24457940624949,15.542626967257434,5624412.0,
121,42,4160204.0,35740237.0,15.241074669496639,15.30850543653843,4450404.0,
120,40,4067911.0,35503747.0,15.218640157838495,15.297842788603548,4403203.0,
123,45,4263221.0,30247051.0,15.265535535829851,15.593358711987973,5917110.0,
122,44,4126045.0,31383216.0,15.23282987900078,15.528637449817564,5546277.0,
123,46,4316778.0,35268263.0,15.278019848614907,15.359556465146833,4683501.0,
121,43,2494005.0,38923545.0,14.729400410031657,15.441963883686517,5085805.0,
124,47,4491477.0,36468937.0,15.317692158854584,15.671786360583754,6399858.0,
124,48,2588419.0,36520063.0,14.766557822580278,15.493478888303482,5354666.0,
125,49,4508351.0,42551092.0,15.321442012690163,15.578331484216895,5828857.0,
127,53,4451212.0,31975460.0,15.308686976609854,15.626625822647885,6117266.0,
125,50,4325820.0,43050524.0,15.280112275752908,15.451578522014255,5134939.0,
126,51,4181693.0,38517651.0,15.246226746424334,15.595494972542838,5929764.0,
128,54,4787073.0,41046049.0,15.381429717892798,15.887236788023646,7938515.0,
127,52,4599120.0,37810952.0,15.341375538810485,15.573232086905799,5799209.0,
130,57,4844893.0,40445806.0,15.393435718439811,15.710013421172851,6649242.0,
129,56,4842015.0,34282915.0,15.392841514368774,15.667054766994822,6369648.0,
130,58,3887432.0,32707771.0,15.173259343355225,15.632917955680849,6155878.0,
128,55,4660724.0,44199725.0,15.354681358840834,15.926038133132344,8252594.0,
131,59,4788521.0,37745629.0,15.381732153441138,15.817642777865318,7404828.0,
131,60,4722893.0,34288538.0,15.36793209352952,15.775377006085725,7098379.0,
132,61,5040639.0,32144244.0,15.433043417725207,15.82098432920013,7429613.0,
133,62,5021982.0,39187042.0,15.429335234463853,15.660501425575742,6328042.0,
133,63,3709287.0,33255623.0,15.126350232825633,15.748658327489608,6911231.0,
134,64,5159846.0,35546490.0,15.456417292051135,15.683287876749512,6473891.0,
134,65,5155126.0,33694422.0,15.455502117423528,15.81691393361719,7399433.0,
135,66,5274147.0,33952679.0,15.478327518089415,15.548916958860316,5659901.0,
136,67,5060855.0,34370005.0,15.437045999321446,15.734701477942885,6815442.0,
136,68,4968245.0,33160463.0,15.418577216999443,15.69169557770138,6528551.0,
137,69,1981804.0,33547034.0,14.49951809897204,15.774763297450663,7094024.0,
138,70,5453440.0,40995680.0,15.511757160181673,15.493382705877282,5354151.0,
138,71,5203365.0,45262186.0,15.464816089647394,15.758113673378162,6976889.0,
139,72,5623549.0,35009222.0,15.542473517222945,15.844480441305405,7606247.0,
140,73,5327128.0,40722781.0,15.48832281414434,15.753006982125411,6941351.0,
140,74,5460182.0,46197596.0,15.512992680498877,15.597360758829419,5940838.0,
141,75,5634401.0,42183155.0,15.54440139989451,15.814059374558111,7378341.0,
141,76,5531702.0,36278058.0,15.526006101913806,15.831355135102974,7507065.0,
142,77,5925781.0,36826161.0,15.594823050644713,15.684969375959204,6484786.0,
143,78,6092799.0,37383494.0,15.622618140010964,16.09024139814662,9725301.0,
143,79,5758829.0,36572770.0,15.566244713392999,15.794643109077748,7236463.0,
144,80,3752792.0,37823025.0,15.13801065425248,15.908326265449555,8107712.0,
145,81,6048087.0,37794564.0,15.615252581658678,15.880467959090554,7884962.0,
145,82,5542951.0,37855071.0,15.528037588384517,15.876512250843355,7853833.0,
146,83,5539273.0,39433631.0,15.52737382267557,15.944487224356756,8406260.0,
147,84,5884176.0,39276371.0,15.587777271880865,15.84829540800281,7635320.0,
147,85,2659127.0,38977080.0,14.793508431401234,15.865535389806961,7768094.0,
148,86,6566240.0,39570458.0,15.697451928309876,16.023824970687098,9100364.0,
149,87,6472532.0,39454873.0,15.683077934589427,15.750069525433037,6920991.0,
150,88,6627228.0,44646333.0,15.706697175186548,16.181719629028837,10656916.0,
150,89,6299933.0,39883172.0,15.656049556384575,16.040869946802022,9256809.0,
151,90,6693127.0,41601414.0,15.716591736951314,15.86782355069335,7785889.0,
152,91,6356882.0,41596549.0,15.665048563531384,15.88000951319379,7881348.0,
152,92,6448427.0,41291408.0,15.679346783060382,15.910866171396421,8128331.0,
153,93,6595784.0,42433277.0,15.701941215005961,15.978044191677185,8693135.0,
154,94,6607526.0,50048755.0,15.703719860375276,15.946067178152154,8419552.0,
154,95,6006763.0,43032808.0,15.608396559083602,15.933595602974616,8315199.0,
155,96,6776962.0,42934539.0,15.729039476901702,15.977803167871322,8691040.0,
156,97,7108401.0,43828837.0,15.776787881972092,16.04055974862115,9253938.0,
157,98,6596054.0,43601741.0,15.70198214940798,16.190183262127995,10747495.0,
157,99,6555961.0,43768346.0,15.695885270078925,15.950757480492056,8459135.0,
158,100,3024459.0,49420162.0,14.92224279047756,15.953455885842448,8481992.0,
159,101,7008204.0,45338015.0,15.76259202076373,16.03558246917505,9207993.0,
160,102,6730971.0,51060919.0,15.722229970559857,16.093515007099214,9757190.0,
160,103,6603052.0,46240917.0,15.703042524353938,16.0957851114777,9779365.0,
161,104,7542059.0,46732525.0,15.836005779628499,16.518549691278704,14925022.0,
162,105,7189598.0,48067482.0,15.788145817146669,16.146378493878817,10286866.0,
163,106,7033546.0,47240908.0,15.766201546287881,16.252101930806052,11434000.0,
163,107,7194299.0,48119200.0,15.788799464787134,16.141993313513282,10241855.0,
164,108,2408921.0,51253140.0,14.694689487368954,16.24717991976985,11377860.0,
165,109,6674070.0,59496745.0,15.713740426701143,16.310003033237535,12115583.0,
166,110,6824868.0,49708451.0,15.736083558188923,16.04255161739259,9272389.0,
166,111,7047251.0,50229136.0,15.768148169668326,16.33074036181547,12369451.0,
167,112,7262787.0,50404836.0,15.798274197433773,16.286625960849268,11835641.0,
168,113,7753184.0,51168886.0,15.863614155668092,16.16239517585463,10452954.0,
169,114,8100682.0,57696468.0,15.907458813629118,16.05261983736605,9366217.0,
169,115,7940243.0,54930015.0,15.887454437289014,16.275894724439095,11709309.0,
170,116,8175193.0,53824076.0,15.916614883031604,16.110238262372693,9921734.0,
171,117,7760082.0,56808767.0,15.86450345911388,16.088463627036134,9708027.0,
172,118,3420783.0,61202840.0,15.04538003020276,16.142348166720286,10245490.0,
173,119,7914789.0,53441492.0,15.884243592698072,16.24960870811346,11405528.0,
173,120,7673891.0,56444539.0,15.853334345883104,16.20461099661141,10903681.0,
174,121,3753718.0,54214761.0,15.138257373434815,16.347008209503958,12572321.0,
175,122,8338135.0,55510623.0,15.936350128224884,16.344448686364004,12540183.0,
176,123,8742471.0,56255351.0,15.983703430785198,16.10131666783936,9833610.0,
177,124,7649326.0,55964660.0,15.850128097346118,16.29035121521055,11879814.0,
177,125,9228448.0,56272740.0,16.037801444995072,16.277070959240223,11723090.0,
178,126,8290912.0,56634037.0,15.93067053312332,16.38577002258778,13069215.0,
179,127,7838997.0,57180333.0,15.87462145046891,16.224179674820952,11119153.0,
180,128,7672295.0,58931526.0,15.853126346318161,16.2287889917935,11170523.0,
181,129,7726553.0,59754607.0,15.86017339614184,16.11760463042747,9995091.0,
182,130,8724994.0,65997837.0,15.981702338373445,16.161512069049326,10443727.0,
182,131,7982612.0,62287484.0,15.892776234164783,16.436121727009095,13744121.0,
183,132,9078924.0,61490323.0,16.02146624135289,16.50744330118475,14760176.0,
184,133,9586490.0,59745474.0,16.075865373606465,16.28405600694905,11805263.0,
185,134,8424554.0,61228504.0,15.94666109511599,16.54193157749967,15278109.0,
186,135,8028229.0,111590117.0,15.898474513653463,16.319356390492043,12229436.0,
187,136,9719155.0,61872158.0,16.08960923850125,16.305623547879048,12062639.0,
188,137,8968202.0,63592750.0,16.009195768012127,16.359242093367588,12727074.0,
188,138,9784341.0,63994163.0,16.09629380856273,16.411713099166395,13412707.0,
189,139,9140119.0,63093264.0,16.028183963039233,16.31791890562575,12211869.0,
190,140,9306936.0,69183824.0,16.046270486599667,16.540132355205248,15250645.0,
191,141,8377609.0,66019701.0,15.94107310955044,16.4325305537571,13694852.0,
192,142,10339344.0,66298693.0,16.15146698209193,16.5323475750148,15132383.0,
193,143,8419099.0,66219539.0,15.946013373366947,16.44848420516836,13915087.0,
194,144,9850716.0,67594591.0,16.103054700861787,16.411878749244927,13414929.0,
195,145,8963443.0,78840713.0,16.0086649745337,16.63578067515411,16781383.0,
196,146,10832468.0,84274366.0,16.198058478518448,16.645796739705006,16950311.0,
196,147,8800451.0,68401903.0,15.990313528135198,16.322366711864884,12266306.0,
197,148,10444695.0,69279888.0,16.16160475197202,16.50865495075822,14778071.0,
198,149,9107699.0,72373723.0,16.024630657749668,16.607067429518352,16306387.0,
199,150,9523243.0,70388038.0,16.069246000019586,16.573492430199025,15767989.0,
200,151,9037497.0,80908669.0,16.016892813498895,16.531735190511018,15123119.0,
201,152,9798973.0,70882048.0,16.097788142230957,16.75413048132325,18889759.0,
202,153,11136339.0,79091732.0,16.22572410290334,16.728323072431888,18408500.0,
203,154,9347980.0,74328350.0,16.050670835143517,16.78117777315071,19407648.0,
204,155,10826656.0,74342337.0,16.197521799367482,16.662298757099663,17232346.0,
205,156,9020735.0,75246449.0,16.015036374306618,16.570812343403365,15725786.0,
206,157,10061131.0,76234232.0,16.124190141763915,16.531832983015565,15124598.0,
207,158,9963449.0,75998532.0,16.11443385475848,16.588016839305897,15998681.0,
208,159,9762745.0,78057296.0,16.094084168845907,16.782197778285095,19427454.0,
209,160,10297800.0,77354631.0,16.147440838152786,16.76553852120055,19106488.0,
210,161,9834300.0,88249616.0,16.101386832895056,16.75558550225164,18917264.0,
211,162,7358721.0,80229134.0,15.811396698430142,16.77209776350382,19232224.0,
211,163,10856363.0,79807761.0,16.2002619176681,16.673122468514105,17419877.0,
212,164,11020238.0,81152130.0,16.215243958552016,16.726672853705068,18378147.0,
213,165,9892261.0,79666636.0,16.107263292232908,16.885527377367648,21542265.0,
214,166,10945734.0,80824068.0,16.208460349276162,16.77297314999101,19249067.0,
215,167,10316005.0,80871060.0,16.14920713066724,16.644090714777384,16921418.0,
216,168,11103050.0,83690333.0,16.222730403313662,16.715071245810382,18166163.0,
217,169,10781777.0,84403581.0,16.19336795216068,16.966452921401036,23358066.0,
218,170,10714197.0,86937384.0,16.187080242410993,16.840994576310248,20603975.0,
219,171,11861276.0,87183976.0,16.288789534279505,16.7797717720778,19380380.0,
220,172,11149388.0,86992119.0,16.22689516647163,16.948376584095847,22939631.0,
221,173,10797173.0,85849242.0,16.194794898570255,16.782374111115466,19430880.0,
223,174,11023116.0,88407809.0,16.215505080341046,17.082695364585547,26237372.0,
224,175,12156902.0,88519586.0,16.31340763230613,16.939395296112536,22734526.0,
225,176,10706278.0,89241424.0,16.18634085634595,16.71207824803467,18111873.0,
226,177,12142206.0,93623480.0,16.312198040432072,16.819428437843833,20164384.0,
227,178,11607246.0,90911798.0,16.267140116233172,16.940064670333335,22749749.0,
228,179,12015523.0,92482204.0,16.30170995512753,16.86786878696073,21165198.0,
229,180,11991399.0,91730349.0,16.29970020076419,17.064684329315327,25769040.0,
230,181,10940423.0,92485309.0,16.207975019658516,16.952340576963284,23030744.0,
231,182,11965745.0,93847403.0,16.297558542325635,16.938282315983205,22709237.0,
232,183,12167063.0,94701612.0,16.314243104696512,17.031029876060813,24916228.0,
233,184,12284219.0,102695800.0,16.323825988452963,17.05901596904648,25623385.0,
234,185,5121813.0,96027468.0,15.449019035899028,17.01602846264424,24545239.0,
235,186,11232059.0,99663621.0,16.234282658082936,17.034811252562548,25010624.0,
236,187,12610144.0,97191948.0,16.350012127384225,17.363142987514177,34730992.0,
237,188,11713666.0,103873833.0,16.276266752334806,16.948825444357244,22949930.0,
238,189,11854478.0,100414011.0,16.288216244458216,16.842375443215452,20632446.0,
240,190,11969348.0,100257108.0,16.297859606543536,17.021105825324998,24670181.0,
241,191,12466911.0,107977343.0,16.338588572455073,17.229824671279204,30396094.0,
242,192,12107460.0,116760625.0,16.309332349516712,17.18312357901965,29009200.0,
243,193,12881216.0,102860889.0,16.37128068412203,17.204565787821036,29637938.0,
244,194,13087131.0,106118826.0,16.387139938921038,16.88572195264483,21546457.0,
245,195,13053973.0,108069669.0,16.384603089843615,17.061149825383403,25678120.0,
246,196,12941921.0,105656095.0,16.37598229042371,16.935387102657444,22643584.0,
247,197,12292826.0,108460390.0,16.324526398152493,17.16870113355191,28593819.0,
249,198,12781142.0,109534532.0,16.363481361293896,17.314459107490816,33080651.0,
250,199,12700866.0,111417230.0,16.357180738080434,17.212936369522414,29887066.0,
251,200,13121972.0,110849396.0,16.38979863506362,17.18233638096304,28986373.0,
252,201,13386626.0,111693815.0,16.409766706826417,17.150163389980644,28068637.0,
253,202,12856526.0,110961624.0,16.36936210031048,17.14599702171397,27951936.0,
254,203,13636113.0,115531411.0,16.428232199093245,16.982878960257963,23744915.0,
256,204,13740670.0,114778987.0,16.43587060630615,17.518824728473263,40581576.0,
257,205,15491543.0,124702168.0,16.555804820085363,17.165342958458915,28497957.0,
258,206,13694321.0,117059143.0,16.43249177931144,17.282575670722906,32042563.0,
259,207,13437485.0,118613153.0,16.413558747572463,17.285715428784318,32143327.0,
260,208,13959654.0,120221543.0,16.451681869891058,17.312869393357904,33028104.0,
262,209,8228715.0,121998288.0,15.923140424375259,17.287198990504194,32191049.0,
263,210,15693928.0,123986364.0,16.568784443918492,17.20235445276075,29572471.0,
264,211,13788569.0,146423666.0,16.439350473536475,17.396684721805933,35915687.0,
265,212,13908954.0,124725358.0,16.44804336337264,17.320281639879983,33273826.0,
266,213,14424709.0,125416227.0,16.48445319684473,17.248794160140648,30978196.0,
268,214,14881256.0,133959425.0,16.515612992409164,17.35219827892806,34352944.0,
269,215,13193949.0,130114034.0,16.39526887336412,17.209030274976588,29770552.0,
270,216,13975713.0,140407064.0,16.452831595381973,17.44373065059586,37645751.0,
271,217,14393771.0,134850289.0,16.482306101516635,17.466958902628537,38530431.0,
273,218,13611190.0,142988893.0,16.426402806514407,17.341963195984924,34003132.0,
274,219,15539258.0,138980845.0,16.558880154016066,17.384464157223746,35479448.0,
275,220,15079017.0,143373593.0,16.52881473274301,17.38000458162742,35321577.0,
276,221,14033099.0,136300742.0,16.45692931150779,17.281994399737897,32023943.0,
278,222,14286564.0,163104594.0,16.474830073128185,17.293151871776107,32383250.0,
279,223,15828514.0,139485294.0,16.57732355505672,17.371337190634517,35016754.0,
280,224,14805859.0,143512040.0,16.51053353877355,17.514799965011736,40418573.0,
282,225,16468705.0,160000185.0,16.616972471254357,17.519623959025825,40614023.0,
283,226,14723567.0,144584704.0,16.504959965279003,17.514379797598576,40401594.0,
284,227,15131075.0,149575055.0,16.53226113413281,17.287208868977846,32191367.0,
286,228,16766082.0,148230791.0,16.63486847501851,17.309225253311443,32907964.0,
287,229,15105075.0,155452628.0,16.530541338033878,17.526071975257093,40876749.0,
288,230,15672069.0,148354461.0,16.56739064135333,17.54846165676122,41802289.0,
290,231,15340970.0,152607122.0,16.54603758528103,17.622336056670136,45007336.0,
291,232,15265457.0,159026026.0,16.54110312146912,17.37198178846316,35039333.0,
292,233,10520341.0,150156828.0,16.16882117919717,17.482467152677643,39132628.0,
294,234,16139626.0,172814494.0,16.59678804829472,17.727902995144106,50018475.0,
295,235,15172794.0,157390494.0,16.535014513667043,17.493417963699407,39563517.0,
296,236,15873978.0,162724127.0,16.580191722717924,17.619759448456943,44891519.0,
298,237,17249725.0,158473497.0,16.663306759285582,17.731750180952265,50211276.0,
299,238,15337601.0,162243405.0,16.545817953146695,17.550290887221543,41878825.0,
300,239,15625856.0,161455016.0,16.56443753608615,17.622046661970472,44994313.0,
302,240,15471543.0,171872318.0,16.554512959010438,17.715010840373708,49377768.0,
303,241,16262085.0,163947679.0,16.60434688264562,17.540402676286867,41466759.0,
305,242,15332642.0,165399753.0,16.54549457781229,17.516539383664025,40488939.0,
306,243,17433330.0,169013789.0,16.673894449162432,17.692141093954437,48261326.0,
307,244,15971418.0,168772215.0,16.586311307733496,17.724276203952783,49837397.0,
309,245,17981654.0,170343986.0,16.70486257387805,17.529427711460748,41014151.0,
310,246,16361408.0,175053766.0,16.6104359490053,17.748155913447608,51041823.0,
312,247,16010355.0,193795280.0,16.588746258368538,17.639768054844325,45798782.0,
313,248,17436638.0,172929798.0,16.674084182632217,17.623295151274206,45050523.0,
315,249,17275133.0,177872179.0,16.664778626575345,17.616478821914342,44744488.0,
316,250,18526076.0,190883061.0,16.734689811130348,17.696037860168655,48449756.0,
318,251,18706236.0,199303387.0,16.7443675021699,17.82410055308023,55069168.0,
319,252,17502399.0,181030407.0,16.67784851521264,17.93882012156761,61763314.0,
321,253,16992725.0,183706705.0,16.64829586925106,17.65960874989984,46716536.0,
322,254,17482249.0,186967013.0,16.676696581242734,17.812901537401476,54455888.0,
323,255,17994872.0,184956951.0,16.705597386383,17.657594480102524,46622531.0,
325,256,12331371.0,192288080.0,16.32765706117324,17.540237035928413,41459891.0,
326,257,18049693.0,207668998.0,16.70863923428827,18.02977518927785,67644404.0,
328,258,17814707.0,195761575.0,16.69553491007234,17.576773718182118,43002711.0,
330,259,17637179.0,195150593.0,16.68551967511933,17.929411916615027,61184957.0,
331,260,19076249.0,198543840.0,16.763954611366014,17.85504362664382,56799815.0,
333,261,19015182.0,203121106.0,16.7607482706897,17.804426750374656,53996336.0,
334,262,19485015.0,204483445.0,16.78515626657759,17.90909718302456,59954541.0,
336,263,18349040.0,205581262.0,16.725087815020025,18.05175512310635,69147684.0,
337,264,18890419.0,205832488.0,16.754165420279868,17.69327703147733,48316179.0,
339,265,15308166.0,217037712.0,16.54389696947207,17.845607205707488,56266349.0,
340,266,18402274.0,207301391.0,16.727984801899495,17.866297616737544,57442650.0,
342,267,19194746.0,211630704.0,16.770147153716824,17.946834155990718,62260276.0,
343,268,12250172.0,209986796.0,16.321050535672764,18.010091434520636,66325927.0,
345,269,19312846.0,213607766.0,16.776281028319357,17.894611490848266,59092318.0,
347,270,19165601.0,220858793.0,16.768627615553733,18.03875559413987,68254614.0,
348,271,20826462.0,231899791.0,16.851734947634622,18.16934347112481,77776001.0,
350,272,20096131.0,225714780.0,16.816037866939006,17.958956410554205,63019604.0,
352,273,19900507.0,226624333.0,16.80625576675711,17.802088322864677,53870217.0,
353,274,19755782.0,247164710.0,16.798956765959378,18.147221827816313,76074359.0,
355,275,19241154.0,226225816.0,16.772561980613133,18.03895463779488,68268201.0,
356,276,19870292.0,239035603.0,16.804736309940907,17.794886052854814,53483623.0,
358,277,19943848.0,234767616.0,16.808431282816738,17.956925011884437,62891716.0,
360,278,20445902.0,241467436.0,16.83329302917404,18.017506589604487,66819572.0,
361,279,20157041.0,252035418.0,16.81906421460117,18.07181341255652,70548672.0,
363,280,20319941.0,271404093.0,16.827113277127033,18.08156157730065,71239755.0,
365,281,20560018.0,244995030.0,16.838858874037236,18.056882849066472,69503165.0,
366,282,21680116.0,254717523.0,16.89190608507491,18.174207957413845,78155263.0,
368,283,20555089.0,254811522.0,16.838619108151494,18.21497612173673,81407350.0,
370,284,21641960.0,253865398.0,16.890144580854006,17.94135259215459,61919926.0,
372,285,21147220.0,268552784.0,16.867019012736915,17.953844158325463,62698254.0,
373,286,22308599.0,276521904.0,16.920482767484863,18.266216756716133,85687435.0,
375,287,20225642.0,274047945.0,16.822461763297493,18.117680085448118,73859861.0,
377,288,23113250.0,264406037.0,16.955916604123985,18.246292737160715,83997092.0,
378,289,19877325.0,273216691.0,16.805090192794985,18.112646919062787,73489046.0,
380,290,19943665.0,291195098.0,16.80842210701277,18.31144334510747,89651756.0,
382,291,22322763.0,311483704.0,16.921117478138573,18.299652201080477,88600867.0,
384,292,22128076.0,280962832.0,16.91235776744332,18.33946278177105,92199271.0,
385,293,22613255.0,275832495.0,16.934046796740795,18.315467317476394,90013239.0,
387,294,22100946.0,279559994.0,16.911130971001718,18.263544115614607,85458729.0,
389,295,21770448.0,316822359.0,16.896064011777124,18.184698123395005,78979440.0,
391,296,22530743.0,281446904.0,16.930391290115878,18.259520514532866,85115568.0,
393,297,21215716.0,293782611.0,16.87025278575445,17.99368250308678,65246470.0,
394,298,22903567.0,286175140.0,16.946803220586624,17.902281999695003,59547329.0,
396,299,23208758.0,288446281.0,16.96004026540134,18.1252523729162,74421272.0,
398,300,22128421.0,251316203.0,16.912373358374527,18.03038141189503,67685424.0,
400,301,23165208.0,304715618.0,16.958162055855816,18.204755515250078,80579555.0,
402,302,21528446.0,304736768.0,16.88488568837978,18.33934955320759,92188832.0,
404,303,24244443.0,314990163.0,17.003697994448654,18.152245811208765,76457517.0,
406,304,23643505.0,309218865.0,16.978599005163343,18.179653058107295,78581987.0,
407,305,23251384.0,305438464.0,16.961875215107703,18.163405592951737,77315545.0,
409,306,23341377.0,300897350.0,16.96573818051171,18.294836109502437,88175183.0,
411,307,24813266.0,302242461.0,17.02688898747169,18.172326481482898,78008354.0,
413,308,24174958.0,295262895.0,17.00082786197017,18.361700305350606,94272521.0,
415,309,25443754.0,333220426.0,17.051980848442945,18.311767602965354,89680831.0,
417,310,27078436.0,338088775.0,17.114248249539884,18.19122448435635,79496574.0,
419,311,26346836.0,343535367.0,17.08685874984063,18.46423226751659,104451381.0,
421,312,26992340.0,331725498.0,17.11106368001339,18.40449656377312,98394608.0,
423,313,26344496.0,329800394.0,17.086769930677676,18.181009929226533,78688685.0,
425,314,25361259.0,314246961.0,17.04873333141143,18.382428922871533,96247054.0,
427,315,26311485.0,349993744.0,17.085516093840994,18.418346792405185,99766877.0,
429,316,27346048.0,346964343.0,17.12408257913376,18.348719940366085,93056737.0,
431,317,27306195.0,356616699.0,17.122624157488964,18.176492089788805,78333984.0,
433,318,26583538.0,357505692.0,17.09580270999104,18.521918529826667,110653973.0,
435,319,27643538.0,357507485.0,17.134902551566427,18.415839755251938,99517071.0,
437,320,26254583.0,325913793.0,17.083351122238952,18.45145154928542,103124912.0,
439,321,27360095.0,345786136.0,17.12459612293482,18.33160313923824,91477458.0,
441,322,27739676.0,315188419.0,17.138374292898106,18.39855631375667,97811852.0,
443,323,26588569.0,360942099.0,17.095991944546483,18.382323698530712,96236927.0,
445,324,28279647.0,367742643.0,17.15765291659508,18.28634530245288,87429674.0,
447,325,28577826.0,333314518.0,17.168141660392894,18.373511366098885,95392581.0,
449,326,25711725.0,420459307.0,17.062457671507087,18.598339672570226,119441787.0,
451,327,29256621.0,368764118.0,17.19161646500117,18.381501295547682,96157814.0,
453,328,29254650.0,316620064.0,17.191549093366028,18.422506096981408,100182702.0,
455,329,31799951.0,388583163.0,17.274975306868715,18.166870579625787,77583907.0,
457,330,29370307.0,390957754.0,17.19549475596321,18.501360251902483,108402342.0,
459,331,28864197.0,408348405.0,17.17811252693206,18.485444767787293,106690723.0,
462,332,30481568.0,411548821.0,17.2326327310291,18.493591817251197,107563488.0,
464,333,28370907.0,327848028.0,17.16087477666525,18.590163729522953,118469219.0,
466,334,26132812.0,398365904.0,17.078702247473952,18.54982390611185,113785301.0,
468,335,25361791.0,351225423.0,17.048754308068002,18.483591362650476,106493165.0,
470,336,30927988.0,419445287.0,17.247172092432244,18.43177139469064,101115238.0,
472,337,32995763.0,447523671.0,17.311889717248153,18.40355441198086,98301949.0,
474,338,33714432.0,433773930.0,17.333436552908207,18.618779139340102,121908234.0,
477,339,28250875.0,347153334.0,17.156634988528385,18.54877320109667,113665809.0,
479,340,31365368.0,348745575.0,17.261214912267363,18.737440750620006,137267310.0,
481,341,32086611.0,458427546.0,17.283949398284935,18.529172948748755,111459622.0,
483,342,31508411.0,466223628.0,17.265765084026484,18.64939231702257,125697944.0,
486,343,30864372.0,442491277.0,17.24511306693215,18.53669365386016,112301037.0,
488,344,32538941.0,447888941.0,17.29794811466504,18.81919592382756,148961125.0,
490,345,33060391.0,371812468.0,17.31384647726846,18.641208324597,124673431.0,
492,346,35118903.0,465763889.0,17.374250090480245,18.67026475703921,128349139.0,
495,347,33706399.0,458896970.0,17.333198258603055,18.556908422079946,114594277.0,
497,348,29126584.0,471757826.0,17.187161854637353,18.80761002683168,147245236.0,
499,349,30787982.0,472852543.0,17.242634976992807,18.62997281288741,123280501.0,
501,350,30744114.0,484149062.0,17.241209119260535,18.76363407568754,140910300.0,
504,351,34359672.0,398589028.0,17.352394109051062,18.853369392482662,154139623.0,
506,352,34258412.0,395986340.0,17.349442698355748,18.77624093378355,142697981.0,
508,353,34831961.0,441035047.0,17.366045942795754,18.753410880499708,139477085.0,
511,354,34593956.0,516479958.0,17.359189542688334,18.612312253333762,121122411.0,
513,355,32787174.0,409125950.0,17.305547960294263,18.925657158398213,165694644.0,
516,356,33302112.0,518899556.0,17.321131376362914,18.863473293335907,155704929.0,
518,357,34887166.0,409845316.0,17.367629583151363,18.841616836814552,152338692.0,
520,358,36636003.0,489001657.0,17.41654200339168,18.904696924722575,162257790.0,
523,359,35788340.0,441876423.0,17.393132699995686,19.016126530532798,181383935.0,
525,360,34522294.0,418490294.0,17.357115876200947,18.96176171566512,171786282.0,
528,361,38736864.0,436115415.0,17.47230226274394,18.75651837210936,139911183.0,
530,362,37125569.0,522193815.0,17.429816481569013,18.891994158804312,160209703.0,
532,363,39562548.0,542519602.0,17.493393471138074,18.58573054908085,117945186.0,
535,364,38458634.0,437262774.0,17.465093780073452,18.772169705902048,142118206.0,
537,365,37293895.0,536240239.0,17.434340198295917,18.802759162880864,146532699.0,
540,366,39350433.0,536179640.0,17.48801753657909,18.867250795347008,156294217.0,
542,367,40442510.0,477887475.0,17.51539201745059,19.021430731838283,182348588.0,
545,368,39811985.0,469440535.0,17.499678555577198,18.975477780330923,174158747.0,
547,369,39188466.0,454449166.0,17.48389302677129,18.8393947103829,152000552.0,
550,370,39785302.0,467594280.0,17.499008105565515,18.960348725024993,171543721.0,
553,371,36407960.0,458985666.0,17.410297990018375,18.918223619304406,164467513.0,
555,372,41190309.0,592573340.0,17.533713568204956,18.961807242129044,171794103.0,
558,373,41464917.0,592235756.0,17.540358254177267,18.900898951313103,161642708.0,
560,374,36645000.0,475939521.0,17.416787551342086,19.03018982616092,183952812.0,
563,375,41443310.0,513406654.0,17.539837027243077,19.108964301248086,199029637.0,
565,376,42698979.0,619482714.0,17.569685566905953,19.02066249009643,182208554.0,
568,377,42286983.0,597334316.0,17.559989866161306,19.182746120544454,214269713.0,
571,378,42394630.0,493294521.0,17.56253226123788,19.089369936520434,195167737.0,
573,379,43732292.0,640269672.0,17.593597334547056,18.985010307427988,175826858.0,
576,380,45039571.0,522357250.0,17.623052016883562,19.0018674995101,178815928.0,
579,381,43356728.0,627979911.0,17.584972450993707,19.06746488274685,190939061.0,
581,382,43795575.0,707325856.0,17.595043342845802,19.15219357027657,207822222.0,
584,383,39519493.0,688977474.0,17.49230460181428,19.135029925169885,204285672.0,
587,384,44161336.0,629757498.0,17.60336021309867,19.170827480179412,211731068.0,
589,385,41832363.0,641980554.0,17.549180832379864,19.12243734684836,201729318.0,
592,386,47619549.0,535883613.0,17.67875392816756,19.10376449766403,197997408.0,
595,387,47719107.0,671846972.0,17.680842441691148,19.168047584163265,211143295.0,
598,388,46233911.0,551431002.0,17.64922409113154,19.013568857642355,180920607.0,
600,389,44395184.0,559797256.0,17.608641553050855,18.9588992571312,171295254.0,
603,390,47941349.0,575184271.0,17.68548892591545,19.153650197077056,208125162.0,
606,391,46828988.0,586703996.0,17.662012970847215,19.18214614514021,214141195.0,
609,392,46777205.0,683222362.0,17.660906569579886,19.04520608061468,186735938.0,
612,393,42212726.0,567549895.0,17.558232297526004,18.981947123197862,175289092.0,
614,394,47393737.0,610028184.0,17.674000647133575,19.250658308849722,229326729.0,
617,395,48370667.0,748096715.0,17.69440413424306,19.300241862745395,240984184.0,
620,396,52788663.0,738208215.0,17.781807009712637,19.233133427293907,225342816.0,
623,397,57075991.0,747162615.0,17.859894113348098,19.010282388559673,180326993.0,
626,398,45913294.0,836749456.0,17.64226526272584,19.429818351459485,274323425.0,
629,399,51123493.0,742130750.0,17.749754695120174,19.312761591304206,244020206.0,
632,400,43599039.0,651135478.0,17.590545666791947,19.202694703761466,218587009.0,
635,401,52430936.0,785743258.0,17.775007356763957,19.35004633016925,253290176.0,
637,402,50406561.0,645192859.0,17.73563190314053,19.391718733609018,264068404.0,
640,403,52995539.0,622854371.0,17.785718298162596,19.606219659352234,327244992.0,
643,404,47873700.0,624684894.0,17.684076851049408,19.24929794366053,229014973.0,
646,405,54269242.0,731203545.0,17.809468178741014,19.344785383577943,251961129.0,
649,406,54514710.0,673068300.0,17.81398113147167,19.132439357323843,203757141.0,
652,407,57761048.0,661975872.0,17.871825196428563,19.235461200692818,225867974.0,
655,408,54684845.0,836259133.0,17.817097172332158,19.456777853367672,281819641.0,
658,409,57839035.0,705139815.0,17.873174451719866,19.38660373105202,262721142.0,
661,410,55268989.0,707656462.0,17.827722531621156,19.23994861181554,226883814.0,
665,411,57044523.0,838086824.0,17.85934262615803,19.53999668850897,306275839.0,
668,412,50694110.0,722719587.0,17.74132028824272,19.131496418321614,203565101.0,
671,413,55838647.0,762435221.0,17.837976786182146,19.208352664121044,219827271.0,
674,414,58177705.0,848430810.0,17.87901276370809,19.624984227597867,333443578.0,
677,415,60156475.0,712441905.0,17.912459642139176,19.393559659115926,264554982.0,
680,416,61496019.0,794852496.0,17.934482998974243,19.43557175005684,275906266.0,
683,417,69981768.0,737450599.0,18.063745308945922,19.255729740940403,230492698.0,
686,418,72381225.0,774410348.0,18.097457500521447,19.386372733240435,262660461.0,
689,419,59816744.0,752716488.0,17.906796179728175,19.517858160350116,299569847.0,
693,420,59255873.0,877703116.0,17.897375455430087,19.359696323392665,255746256.0,
696,421,66002720.0,801962132.0,18.005206511262713,19.688283149911157,355232531.0,
699,422,63615128.0,744480266.0,17.968361861660977,19.2860498218458,237588281.0,
702,423,63006482.0,750631947.0,17.958748167951995,19.587957085163513,321322897.0,
706,424,61904910.0,945394861.0,17.94111005599531,19.427077544979493,273572587.0,
709,425,55517397.0,935584430.0,17.83220698905797,19.527520877545818,302478536.0,
712,426,64110916.0,832142992.0,17.976125203803967,19.719958713524598,366664828.0,
715,427,65743862.0,1009287493.0,18.001276871052262,19.45188553947119,280444258.0,
719,428,64266243.0,804329516.0,17.978545059127228,19.57981465305402,318717170.0,
722,429,64159449.0,953243150.0,17.97688193358042,19.46865633666008,285187192.0,
725,430,67425933.0,967193699.0,18.026540264491658,19.787761607305193,392387962.0,
729,431,75824498.0,943572440.0,18.143931991009254,19.79045521499342,393446326.0,
732,432,81553456.0,1030738130.0,18.216769265041982,19.63344922366443,336278157.0,
735,433,66355175.0,1024347967.0,18.010532311179524,19.594841558107397,323542668.0,
739,434,68511828.0,885148537.0,18.042516959859288,19.57431882904759,316970361.0,
742,435,68023744.0,847908283.0,18.03536737866305,19.756303793529057,380236427.0,
746,436,70127531.0,853730589.0,18.06582601384743,19.6796716101984,352186566.0,
749,437,69689721.0,859986421.0,18.059563389962864,19.743888212478634,375544756.0,
753,438,71829391.0,1058996787.0,18.089804295663377,19.614075036600866,329825748.0,
756,439,70121759.0,1107672112.0,18.065743703270268,19.497767494966265,293611345.0,
760,440,75930241.0,1076142687.0,18.145325595160408,19.817035543724725,404044486.0,
763,441,78335309.0,1085642481.0,18.176509004398866,19.738062283952615,373363220.0,
767,442,101852544.0,889899033.0,18.439036678233833,19.53995344550815,306262595.0,
770,443,72556919.0,1083694584.0,18.099881901458396,19.69595515777743,357968359.0,
774,444,70660312.0,914695705.0,18.07339461539642,20.041328425497383,505636417.0,
777,445,68196631.0,933308598.0,18.03790572276655,19.958163737364874,465286423.0,
781,446,74172026.0,1117563603.0,18.12189762896594,19.7874611044194,392270066.0,
785,447,74793684.0,1104958170.0,18.1302440008769,19.847465982379255,416528724.0,
788,448,76771460.0,1144009417.0,18.156343514468755,19.63161204766768,335660922.0,
792,449,85373742.0,1200039065.0,18.262549140753986,19.906517240235402,441866006.0,
795,450,84329242.0,967699800.0,18.250239243012857,19.9654982204273,468711604.0,
799,451,85493844.0,1137416906.0,18.263954931314863,19.97883113250858,475002741.0,
803,452,126813837.0,1127956630.0,18.65823071861942,20.013729610665557,491872262.0,
807,453,79203969.0,1207333704.0,18.18753696916537,19.682533126849776,353195797.0,
810,454,85184208.0,1083465801.0,18.26032662250704,20.09219314616561,532020801.0,
814,455,88696595.0,1236122320.0,18.30073205871885,20.14474418792477,560726705.0,
818,456,86058926.0,1230204148.0,18.270542805631507,19.8656573876509,424175307.0,
822,457,85567505.0,1038265631.0,18.26481615455417,20.01250398903927,491269782.0,
825,458,83827253.0,1053632715.0,18.24426872737858,19.83929882654495,413140723.0,
829,459,82625932.0,1273926720.0,18.229834135951478,19.8254912164361,407475439.0,
833,460,86114012.0,1135458509.0,18.27118269715592,19.784538491177084,391125286.0,
837,461,77492412.0,1136393047.0,18.16569057985269,20.01924282839291,494591550.0,
841,462,89472721.0,1290326156.0,18.309444343490078,19.86617211539498,424393698.0,
845,463,81567622.0,1107252041.0,18.21694295197698,20.012399334342135,491218371.0,
849,464,92718553.0,1197141072.0,18.34507915074802,19.99996423543931,485147844.0,
852,465,96368679.0,1213134314.0,18.38369180014817,20.03382091854841,501854562.0,
856,466,118700633.0,1137206261.0,18.59211519233737,20.14663573728238,561788351.0,
860,467,115346247.0,1311090212.0,18.563449006294007,20.04845666262906,509253590.0,
864,468,83224782.0,1441466794.0,18.237055722016706,20.11785781364644,545851661.0,
868,469,83106404.0,1223841764.0,18.235632320634995,20.03363775508878,501762649.0,
872,470,94656978.0,1170034162.0,18.365770157149335,20.134472950973624,554996825.0,
876,471,82285599.0,1383248568.0,18.225706668562204,19.964323375724035,468161264.0,
880,472,96495328.0,1294020686.0,18.38500515062942,20.029093457049164,499487663.0,
885,473,100195584.0,1209551378.0,18.422634673787556,20.139423822470732,557751356.0,
889,474,96780191.0,1361298242.0,18.387952892875752,19.888714323626292,434069112.0,
893,475,95772114.0,1219805523.0,18.377482114972462,19.933857227087767,454113274.0,
897,476,102847768.0,1281203752.0,18.44876047232071,20.214630354735196,601315525.0,
901,477,99072573.0,1519256928.0,18.411363200147235,20.019160486353965,494550826.0,
905,478,100342116.0,1269127299.0,18.424096065097807,20.129542300647195,552267065.0,
909,479,104606996.0,1435753915.0,18.465720990723703,20.224498174554487,607278571.0,
914,480,100919903.0,1380154544.0,18.429837720579314,19.9722128400167,471869414.0,
918,481,114789949.0,1472600374.0,18.55861448575201,20.41583792694588,735335876.0,
922,482,106037188.0,1304376295.0,18.4793004207385,20.126652256597666,550673293.0,
926,483,105113785.0,1339177862.0,18.47055398804559,20.106342796448047,539602220.0,
931,484,108378389.0,1505080913.0,18.501139263625646,20.286678623850477,646238135.0,
935,485,106456115.0,1461981327.0,18.483243392463642,20.26360529626592,631497977.0,
939,486,114634533.0,1476976354.0,18.55725965193115,20.324433931923085,671103501.0,
944,487,113961582.0,1528193524.0,18.551371949561506,19.97127748939361,471428257.0,
948,488,112103008.0,1376119371.0,18.53492872086704,20.273755467043866,637940430.0,
952,489,111985668.0,1562349571.0,18.533881456785526,20.269778534354593,635408422.0,
957,490,111896303.0,1412468341.0,18.533083134309205,20.262647263568514,630893271.0,
961,491,123032823.0,1650695455.0,18.627961731396123,20.49072546977384,792517757.0,
966,492,182884899.0,1628329957.0,19.024367545709723,20.54155421690321,833841769.0,
970,493,150490691.0,1553715378.0,18.82941178641958,20.24969300245904,622773223.0,
974,494,157269261.0,1667083650.0,18.87346993253045,20.28748521154507,646759593.0,
979,495,126055585.0,1720011389.0,18.652233518431,20.400575567609504,724198126.0,
983,496,126508553.0,1764995514.0,18.655820476494437,20.567709666379617,855938997.0,
988,497,125515004.0,1845084043.0,18.64793586317499,20.230727244829104,611073158.0,
993,498,104671494.0,1860811200.0,18.466337375159984,20.231371130582545,611466746.0,
997,499,120917977.0,1738337805.0,18.610622997666113,20.31152857242519,662498315.0,
1002,500,135441704.0,1747598059.0,18.724051876926787,20.5210753697716,816939313.0,
1006,501,127087104.0,1766252873.0,18.660383267597286,20.365586331461788,699297160.0,
1011,502,123362697.0,1630311643.0,18.63063933038077,20.267771061001433,634134136.0,
1016,503,135562904.0,1853478274.0,18.724946326722122,20.468116027700376,774800417.0,
1020,504,127253130.0,1637931650.0,18.661688810341907,20.46214286046213,770186199.0,
1025,505,133396019.0,1850336817.0,18.70883284842179,20.540110483040234,832638792.0,
1030,506,135329015.0,1667384239.0,18.723219519521802,20.3782705014897,708223657.0,
1035,507,125289094.0,1917070027.0,18.64613437697203,20.35854085536741,694387594.0,
1039,508,143394263.0,1785205732.0,18.781108478355993,20.351429110456383,689466805.0,
1044,509,189218886.0,1933623862.0,19.05841502989632,20.4119752135304,732500963.0,
1049,510,155813658.0,1899952952.0,18.86417135123006,20.627766658082887,908919108.0,
1054,511,160114032.0,1749519503.0,18.89139681934806,20.60486114360092,888336476.0,
1059,512,177831765.0,2040465535.0,18.99634852088006,20.3818845747517,710787860.0,
1064,513,192411564.0,1926682956.0,19.075147198339813,20.52495232658374,820112699.0,
1069,514,145802245.0,1822977782.0,18.7977617752255,20.589820046372214,875074905.0,
1074,515,132896837.0,1858993811.0,18.705083723550743,20.47253286487279,778230153.0,
1079,516,170061839.0,2045058385.0,18.951672687693865,20.713836746463876,990615224.0,
1084,517,156801964.0,1855969997.0,18.870494191312343,20.492022078606475,793546009.0,
1089,518,181977681.0,2221756111.0,19.019394605653034,20.85798942025412,1144220459.0,
1094,519,167189929.0,2023362516.0,18.93464102354719,20.509328186000392,807398724.0,
1099,520,133231477.0,2007550258.0,18.707598601966666,20.486484513779764,789163841.0,
1104,521,163656723.0,2128611877.0,18.913281639644172,20.41354619798133,733652615.0,
1109,522,166506400.0,1949670527.0,18.93054430508447,20.73016263824256,1006920639.0,
1114,523,176582128.0,2115889730.0,18.98929664056002,20.527809596220354,822459333.0,
1119,524,177479221.0,2275032473.0,18.994364095238396,20.59520376428641,879798766.0,
1124,525,220598770.0,2164283180.0,19.211856089065503,20.49402521119209,795137180.0,
1129,526,168394272.0,2036126345.0,18.94181864494222,20.65182436114468,931050765.0,
1135,527,185840590.0,2187148565.0,19.040399821195386,20.83370208336082,1116765149.0,
1140,528,182359533.0,2229031952.0,19.021490752437625,20.734817791446098,1011618936.0,
1145,529,172424404.0,2280162666.0,18.965469460700334,20.535816977171237,829071516.0,
1150,530,214293751.0,2251409481.0,19.182858299962646,20.936195044615143,1237297057.0,
1156,531,200867623.0,2255033362.0,19.118156657016545,20.861192091128668,1147890895.0,
1161,532,246161291.0,2130149316.0,19.32149753352069,20.872300730568202,1160713490.0,
1166,533,291485756.0,2496527053.0,19.490501698066915,20.856869644698893,1142939906.0,
1172,534,226011627.0,2135347321.0,19.236097002815868,20.687320467753054,964692994.0,
1177,535,216093953.0,2512292839.0,19.19122383867005,20.918624514956353,1215746970.0,
1183,536,177763817.0,2476524799.0,18.995966356397332,20.66438585735629,942819920.0,
1188,537,189118136.0,2238577281.0,19.05788243595746,20.822874075937793,1104738040.0,
1194,538,193416022.0,2450550958.0,19.080353981399053,20.774575956692413,1052649290.0,
1199,539,219251825.0,2425755967.0,19.205731513013166,20.906378625633835,1200949854.0,
1205,540,243803102.0,2306459143.0,19.31187149847439,20.651047470209487,930327721.0,
1210,541,320893337.0,2557174456.0,19.5866193423868,21.052060509208637,1389292566.0,
1216,542,210355917.0,2407983646.0,19.164311496913477,20.995350053104257,1312697547.0,
1222,543,177154611.0,2529296642.0,18.99253341772617,20.638926411839176,919119231.0,
1227,544,237138827.0,2543993215.0,19.284156295536825,20.887413245701772,1178388007.0,
1233,545,228504947.0,2844947410.0,19.247068417954768,20.816665900913176,1097900878.0,
1239,546,195172435.0,2607654591.0,19.089394007832265,20.823576471792144,1105514276.0,
1244,547,228433765.0,2644195649.0,19.24675685756951,21.051171551181145,1388058092.0,
1250,548,238541503.0,2864555763.0,19.290053869924996,21.190041735795415,1594843957.0,
1256,549,211437886.0,2886203422.0,19.169441830102116,20.938676982919254,1240371766.0,
1262,550,201861858.0,2510233422.0,19.123094150131717,20.78748180169326,1066322662.0,
1267,551,242719896.0,2893656993.0,19.307418645087147,21.221483270275655,1645784933.0,
1273,552,216759963.0,2733990049.0,19.194301137966473,20.73279759010915,1009577325.0,
1279,553,249734568.0,2995693845.0,19.33590918379408,20.96194583027637,1269572200.0,
1285,554,241454606.0,2827181117.0,19.30219204651521,20.98889268110033,1304248280.0,
1291,555,249507683.0,2825431047.0,19.33500026626891,21.229811608396282,1659548822.0,
1297,556,244966854.0,3059164875.0,19.316633469560593,21.048305268835723,1384085222.0,
1303,557,233272900.0,3042815611.0,19.267719570793275,20.945823453434333,1249267796.0,
1309,558,243774416.0,3025284181.0,19.31175383103086,21.05861637255334,1398430499.0,
1315,559,268959754.0,2777138135.0,19.410072312990014,20.94824334473392,1252294549.0,
1321,560,260038688.0,2860598729.0,19.37634097791018,21.127047951615285,1497477633.0,
1327,561,252477686.0,3091908975.0,19.3468334304974,21.17133138855652,1565281299.0,
1333,562,269062375.0,3075140665.0,19.41045378801014,20.975480938610357,1286872816.0,
1340,563,406946383.0,2918910810.0,19.824191997628038,21.241857354548063,1679660211.0,
1346,564,331966865.0,3201529024.0,19.62054571768312,21.28229175665806,1748968035.0,
1352,565,382235220.0,3135633784.0,19.761546736231267,21.173790164882984,1569134711.0,
1358,566,302652131.0,3130767031.0,19.528094621413807,20.900714896548976,1194167225.0,
1365,567,269979886.0,3356064897.0,19.413858017891364,21.17098941007689,1564746098.0,
1371,568,283227298.0,3246427736.0,19.46176030638144,21.2275826148585,1655853818.0,
1377,569,289395461.0,3349939513.0,19.483304687864507,21.17517767091293,1571313406.0,
1384,570,277164446.0,3138733943.0,19.44012155587059,21.218241745160036,1640458717.0,
1390,571,308175676.0,3417305703.0,19.546180554958305,21.402379359252553,1972128709.0,
1396,572,364593051.0,3272734162.0,19.7142923607842,21.176401881217185,1573238202.0,
1403,573,369266947.0,3583719055.0,19.727030374057183,21.35481561078182,1880522707.0,
1409,574,351742872.0,3504505598.0,19.678410989361122,21.394925537262253,1957483462.0,
1416,575,396765262.0,3330883057.0,19.79885538417977,21.31960722783496,1815464560.0,
1422,576,284142941.0,3365505162.0,19.464987982886065,21.01468088666056,1338319938.0,
1429,577,408145894.0,3715797808.0,19.827135251784085,21.439935534094005,2047602706.0,
1436,578,323986153.0,3524101726.0,19.596211335189004,21.329621856449236,1833737107.0,
1442,579,321566173.0,3625415639.0,19.588713906279207,21.388874423349606,1945674272.0,
1449,580,334322141.0,3538201701.0,19.627615580127458,21.47264887311474,2115694307.0,
1456,581,313242501.0,3463835535.0,19.56248821210833,21.365381719847296,1900497859.0,
1462,582,352274147.0,3647447207.0,19.67992025713878,21.2540162752493,1700207731.0,
1469,583,500290281.0,4033992897.0,20.030699049925545,21.59102633954513,2381571354.0,
1476,584,372193923.0,3549365607.0,19.734925574795714,21.17133140963899,1565281332.0,
1483,585,318887625.0,3845000829.0,19.580349325959233,21.138387249848034,1514554616.0,
1489,586,340953466.0,3866787330.0,19.647256562592712,21.480274407567414,2131889276.0,
1496,587,325114773.0,3869732448.0,19.59968882564435,21.283203970065898,1750564195.0,
1503,588,342441387.0,3740150250.0,19.65161106817494,21.43399539903687,2035475723.0,
1510,589,457878768.0,4237575300.0,19.94211500834962,21.48428369630389,2140453793.0,
1517,590,486082788.0,4001580375.0,20.001889513036602,21.420400389860706,2007990665.0,
1524,591,323535349.0,3831460925.0,19.59481893641478,21.24408487637998,1683405861.0,
1531,592,344717813.0,3874266694.0,19.658236706972314,21.37615980807219,1921092378.0,
1538,593,378018242.0,4077230113.0,19.75045301167868,21.477242750991838,2125435907.0,
1545,594,500506989.0,3994730084.0,20.031132120658018,21.586888785413514,2371737831.0,
1553,595,507361407.0,4315098179.0,20.044734141929272,21.431796040763885,2031003902.0,
1560,596,397940222.0,3965009854.0,19.801812355988265,21.48900799355135,2150589857.0,
1567,597,389540301.0,4283338463.0,19.780477886472,21.47397192835889,2118495340.0,
1574,598,375422077.0,4264551385.0,19.743561489657598,21.48553495793022,2143133737.0,
1581,599,367061984.0,4134323632.0,19.721041285490873,21.350587106437867,1872587697.0,
1589,600,408762884.0,4118545619.0,19.828645800168275,,,
1596,601,380209147.0,4173629299.0,19.756232046119525,,,
1604,602,410165203.0,4390584268.0,19.832070570652803,,,
1611,603,421910670.0,4730156892.0,19.860304167127936,,,
1618,604,411900088.0,4679749276.0,19.836291373050376,,,
1626,605,426297142.0,4654149896.0,19.870647177514044,,,
1633,606,581131434.0,4790676066.0,20.18048750954204,,,
1641,607,561260073.0,4935460890.0,20.145694944298437,,,
1648,608,531246532.0,4658752716.0,20.09073675018159,,,
1656,609,464393462.0,4433004874.0,19.9562427293082,,,
1664,610,474526033.0,4802479812.0,19.977827038576716,,,
1671,611,453948536.0,4832625288.0,19.933494392752056,,,
1679,612,565234399.0,4783784945.0,20.152751068564548,,,
1687,613,458575049.0,4724071496.0,19.943634520017433,,,
1695,614,453068964.0,4938904490.0,19.931554910270812,,,
1703,615,484982349.0,5379468819.0,19.999623054425054,,,
1710,616,477195440.0,5196058454.0,19.983436692400552,,,
1718,617,490250283.0,5243939919.0,20.010426600297063,,,
1726,618,575724555.0,4896053785.0,20.171139901159584,,,
1734,619,616335103.0,5446127995.0,20.23930137196094,,,
1742,620,590843761.0,5017620102.0,20.19706217662992,,,
1750,621,590301311.0,5084604620.0,20.196143661113076,,,
1758,622,549853512.0,5326506351.0,20.12516245889733,,,
1767,623,690283015.0,5439760132.0,20.35261223812689,,,
1775,624,552862552.0,5284159800.0,20.130619978864253,,,
1783,625,524320124.0,5448375975.0,20.077612979411544,,,
1791,626,563742696.0,5803599355.0,20.15010849259967,,,
1799,627,570973121.0,5522512288.0,20.162852692957124,,,
1808,628,560902804.0,5449582664.0,20.145058193574645,,,
1816,629,581162645.0,5665158572.0,20.180541215399398,,,
1824,630,547680061.0,6025652182.0,20.12120184412505,,,
1833,631,567763448.0,5820344016.0,20.157215425151147,,,
1841,632,728742234.0,6467043632.0,20.40683063896842,,,
1850,633,587945654.0,5846798245.0,20.19214507642136,,,
1858,634,616651548.0,6052626033.0,20.239814670311237,,,
1867,635,610048772.0,5865679958.0,20.229049466033832,,,
1876,636,634047929.0,6041670070.0,20.267635107335927,,,
1884,637,654769954.0,6369191923.0,20.29979451664182,,,
1893,638,681884896.0,6347223977.0,20.34037142737022,,,
1902,639,668132372.0,6400125668.0,20.319996873546135,,,
1911,640,679856230.0,6430165449.0,20.33739190731011,,,
1919,641,708799744.0,6545103442.0,20.379083596081266,,,
1928,642,675246052.0,6366801813.0,20.33058770389647,,,
1937,643,720175959.0,6696522609.0,20.395006127616615,,,
1946,644,724001496.0,6666070779.0,20.400304016646196,,,
1955,645,741117472.0,6419480148.0,20.423669702409438,,,
1964,646,751215275.0,6730264648.0,20.437202819783646,,,
1973,647,743520522.0,6735595441.0,20.426906925366545,,,
1982,648,765313622.0,7121516695.0,20.45579627117747,,,
1992,649,891328175.0,6845659086.0,20.608223239731135,,,
2001,650,711392621.0,7333594770.0,20.382735044919915,,,
2010,651,777407569.0,7307555832.0,20.471475312635487,,,
2019,652,825128788.0,7009698363.0,20.531050038782244,,,
2029,653,807988655.0,6986234784.0,20.510058575545212,,,
2038,654,814152962.0,7232403176.0,20.517658820318104,,,
2047,655,836458213.0,7440668125.0,20.544687122570757,,,
2057,656,792851964.0,7548472239.0,20.491147083736216,,,
2066,657,839029051.0,7391329195.0,20.54775588957696,,,
2076,658,811417608.0,7676806384.0,20.514293409265274,,,
2086,659,832854247.0,7643826369.0,20.540369211232015,,,
2095,660,1006864168.0,7709145328.0,20.73010655379916,,,
2105,661,798585745.0,7566662811.0,20.498352902446605,,,
2115,662,836229584.0,7919962850.0,20.54441375535682,,,
2124,663,892042855.0,7829046451.0,20.609024733112193,,,
2134,664,924834124.0,8306006069.0,20.64512495399057,,,
2144,665,852878469.0,7859822343.0,20.564127620510614,,,
2154,666,882250142.0,8729058221.0,20.59798618147175,,,
2164,667,951569908.0,8085742673.0,20.6736237133626,,,
2174,668,886598912.0,8359414431.0,20.602903253114537,,,
2184,669,1042664629.0,8158809504.0,20.76504541667557,,,
2194,670,914795068.0,8641255408.0,20.634210628755998,,,
2204,671,954292505.0,8845591004.0,20.676480791432297,,,
2214,672,996665306.0,8560770434.0,20.71992557046257,,,
2225,673,966985494.0,8796846267.0,20.689694052270927,,,
2235,674,926027429.0,9073111327.0,20.646414413122084,,,
2245,675,966753331.0,8864572511.0,20.689453934010782,,,
2256,676,982924934.0,9304217859.0,20.706043311004294,,,
2266,677,1049639724.0,9169733668.0,20.771712822236708,,,
2276,678,1066836564.0,9342883921.0,20.787963624150468,,,
2287,679,1086901359.0,9095280340.0,20.80659669487765,,,
2298,680,1004402095.0,9310681382.0,20.72765827106791,,,
2308,681,1031796052.0,9612988991.0,20.754566860444573,,,
2319,682,1067873514.0,9479695002.0,20.78893513788645,,,
2330,683,1051516718.0,9344475183.0,20.773499452172267,,,
2340,684,1057317720.0,9787089802.0,20.779001085233173,,,
2351,685,1061276167.0,9447029097.0,20.782737952058532,,,
2362,686,1149331514.0,9954426621.0,20.86244631813186,,,
2373,687,1115996200.0,9824884719.0,20.833013295881813,,,
2384,688,1117857528.0,10058316655.0,20.834679768853995,,,
2395,689,1094203616.0,10239937146.0,20.813292644286033,,,
2406,690,1117704449.0,10605475569.0,20.834542819843577,,,
2417,691,1118500943.0,10239959370.0,20.83525518198753,,,
2428,692,1118550733.0,10474590856.0,20.835299695934655,,,
2439,693,1188553988.0,10420290558.0,20.896003269058863,,,
2451,694,1189960126.0,11086697319.0,20.897185635945434,,,
2462,695,1160566860.0,10846822984.0,20.872174395116996,,,
2473,696,1197333191.0,11121918926.0,20.90336257984297,,,
2485,697,1177180183.0,11069681092.0,20.886387740168985,,,
2496,698,1261273182.0,11633357148.0,20.95538750964157,,,
2508,699,1253388371.0,11356893852.0,20.94911641774787,,,
2520,700,1248364570.0,11534645021.0,20.94510018763135,,,
2531,701,1320259205.0,11834080011.0,21.001093921691375,,,
2543,702,1319565466.0,11751527420.0,21.00056832692473,,,
2555,703,1336831713.0,11789384725.0,21.013568258034088,,,
2566,704,1361693410.0,12338034280.0,21.03199491654428,,,
2578,705,1309378525.0,12089599000.0,20.99281845319526,,,
2590,706,1317835657.0,11901209650.0,20.999256574053344,,,
2602,707,1391610412.0,12401192293.0,21.053727483249137,,,
2614,708,1330201611.0,13250915960.0,21.008596354909937,,,
2626,709,1380765770.0,12616880117.0,21.045904088009337,,,
2638,710,1411379136.0,13203908707.0,21.067833173936265,,,
2651,711,1420740017.0,13169575630.0,21.074443711546344,,,
2663,712,1333914737.0,12416482600.0,21.01138386710482,,,
2675,713,1464191988.0,13379568896.0,21.10456938323178,,,
2688,714,1438721132.0,13039129949.0,21.087020453159624,,,
2700,715,1480487400.0,13302994727.0,21.115637194831407,,,
2712,716,1732875039.0,13298601563.0,21.273047738328764,,,
2725,717,1441291358.0,13458479962.0,21.0888053250595,,,
2738,718,1453739544.0,13384374682.0,21.09740506933792,,,
2750,719,1501814569.0,13893137830.0,21.12993992660844,,,
2763,720,1558847425.0,13793454283.0,21.167212555010163,,,
2776,721,1533256239.0,14898880201.0,21.15065957159628,,,
2788,722,1581702710.0,14005054483.0,21.181767768278647,,,
2801,723,1634870166.0,14674669704.0,21.214829228968238,,,
2814,724,1630345116.0,14946577212.0,21.212057556961316,,,
2827,725,1698274637.0,15074183687.0,21.25287865321737,,,
2840,726,1684700615.0,15090900062.0,21.244853708406524,,,
2854,727,1568844281.0,14740486524.0,21.1736050584807,,,
2867,728,1608783098.0,15244582661.0,21.198743890400348,,,
2880,729,1631622369.0,15601484415.0,21.212840675169055,,,
2893,730,1684883848.0,15557890675.0,21.244962465437066,,,
2907,731,1677054491.0,15909424854.0,21.24030481240211,,,
2920,732,1882152997.0,15995539741.0,21.35568216970439,,,
2934,733,1681400553.0,15968291352.0,21.242892945558005,,,
2947,734,1811722272.0,16744024993.0,21.31754376129674,,,
2961,735,1733722903.0,16781006524.0,21.273536900343565,,,
2974,736,1782358992.0,16693988576.0,21.30120360025124,,,
2988,737,1786423300.0,16452827029.0,21.303481301396655,,,
3002,738,1796284652.0,16677591031.0,21.308986286472756,,,
3016,739,1769634468.0,16571037313.0,21.2940388469507,,,
3030,740,1965546358.0,17188868225.0,21.399036088404063,,,
3044,741,1854066524.0,17003219762.0,21.340647184784004,,,
3058,742,1984004447.0,18068643099.0,21.408383087238033,,,
3072,743,1907955506.0,18264711793.0,21.369298089994096,,,
3086,744,1953501437.0,17441730073.0,21.39288920806189,,,
3100,745,2022359752.0,18010836206.0,21.42753086061119,,,
3115,746,1935938210.0,17729286626.0,21.383857908969144,,,
3129,747,1996804159.0,18526068799.0,21.414813818969744,,,
3144,748,2025831320.0,18596955226.0,21.429245981656248,,,
3158,749,2005944204.0,17968924925.0,21.419380711542992,,,
3173,750,2020430421.0,18219342325.0,21.426576405364237,,,
3187,751,2002618216.0,19163467745.0,21.41772126937158,,,
3202,752,2071030410.0,19026816472.0,21.45131210297972,,,
3217,753,2122970406.0,20063750605.0,21.47608207986241,,,
3232,754,2650745908.0,20563816285.0,21.698106912054946,,,
3247,755,2125470898.0,19588508691.0,21.47725921383217,,,
3262,756,2183956043.0,19798673775.0,21.50440376779502,,,
3277,757,2379388439.0,19371937738.0,21.590109333206964,,,
3292,758,2318552625.0,20538483947.0,21.564208959403196,,,
3307,759,2284430455.0,20411470995.0,21.549382576394358,,,
3322,760,2224488286.0,19701429197.0,21.522792742294055,,,
3338,761,2229413279.0,20580139330.0,21.52500428421317,,,
3353,762,2287743113.0,21653724674.0,21.55083162837385,,,
3369,763,2234506616.0,21052788716.0,21.527286287174746,,,
3384,764,2306142244.0,21057431196.0,21.5588419411927,,,
3400,765,2321064777.0,21690598839.0,21.56529187294017,,,
3416,766,2302331453.0,21735627536.0,21.557188121677115,,,
3431,767,2459694912.0,23073697915.0,21.62330315968743,,,
3447,768,2368266307.0,22187619829.0,21.585424008371287,,,
3463,769,2402627988.0,21748069383.0,21.599828970230565,,,
3479,770,2512362565.0,22400259754.0,21.644489408337964,,,
3495,771,2494188448.0,23152087339.0,21.63722924189501,,,
3511,772,2585311647.0,23069041113.0,21.67311189740795,,,
3528,773,2531194508.0,22771841779.0,21.651957165813382,,,
3544,774,2533929856.0,23006149306.0,21.653037237325684,,,
3560,775,3010925531.0,23264509901.0,21.82551335382531,,,
3577,776,2543330455.0,23502550248.0,21.65674026185712,,,
3593,777,2702762737.0,24590863127.0,21.71754032273358,,,
3610,778,2704288934.0,24688667428.0,21.718104843708556,,,
3627,779,2712331602.0,24233388497.0,21.721074471673827,,,
3643,780,2656180668.0,25594879795.0,21.700155088837526,,,
3660,781,2719650791.0,25189404084.0,21.723769323350407,,,
3677,782,2782606218.0,24914200927.0,21.746653813970287,,,
3694,783,2721550993.0,25128925988.0,21.724467772756505,,,
3711,784,2793230406.0,25079078542.0,21.750464614599373,,,
3728,785,2871469034.0,27093291627.0,21.77808959429963,,,
3746,786,2950796685.0,26392576371.0,21.805341033549634,,,
3763,787,2840652119.0,26523021945.0,21.767299482127232,,,
3780,788,2885343603.0,26293271419.0,21.78290982964134,,,
3798,789,2976354941.0,27381275082.0,21.813965214614555,,,
3815,790,3009008827.0,27590751570.0,21.82487656812275,,,
3833,791,3037647985.0,28996437535.0,21.834349363767892,,,
3851,792,2983669520.0,27973789908.0,21.816419762484376,,,
3868,793,3094393985.0,28419325838.0,21.852857919387336,,,
3886,794,3067434020.0,27335101066.0,21.844107224945557,,,
3904,795,3127882657.0,28466508461.0,21.863622145179015,,,
3922,796,3144150644.0,28493795729.0,21.868809625123767,,,
3940,797,3148102625.0,29248637919.0,21.87006576703373,,,
3959,798,3340641861.0,29903466780.0,21.929428799424066,,,
3977,799,3258516080.0,30620135005.0,21.904537738510477,,,
3995,800,3263980733.0,30086773452.0,21.906213371150947,,,
4014,801,3425766284.0,30536141396.0,21.95459101619095,,,
4032,802,3319514693.0,30721003326.0,21.92308443238271,,,
4051,803,3381281108.0,31882192461.0,21.94152050066462,,,
4070,804,3545508764.0,32764531342.0,21.988947502571015,,,
4088,805,3474988852.0,31739038944.0,21.968857107900465,,,
4107,806,3459729097.0,31340337569.0,21.964456127286038,,,
4126,807,3593364817.0,31648695324.0,22.00235487540908,,,
4145,808,3511348631.0,32697838394.0,21.97926602598465,,,
4165,809,3547631884.0,32465593242.0,21.98954614291068,,,
4184,810,3690614161.0,33135512249.0,22.029058720444755,,,
4203,811,3493850969.0,33252480965.0,21.974270394342753,,,
4223,812,3959767901.0,34495574220.0,22.09945124963653,,,
4242,813,3835834072.0,35288809280.0,22.067652737557605,,,
4262,814,3711907685.0,34761857122.0,22.034811782218444,,,
4281,815,3706196993.0,34402490125.0,22.0332721185507,,,
4301,816,3878151173.0,35744229732.0,22.078624375214407,,,
4321,817,3887591038.0,35327934773.0,22.08105553231261,,,
4341,818,3839916071.0,36077537720.0,22.068716346796773,,,
4361,819,3949007960.0,35851963380.0,22.096730234949067,,,
4381,820,3851375574.0,36004743416.0,22.071696213380587,,,
4401,821,4098001211.0,38396954131.0,22.13376518227308,,,
4422,822,4063845175.0,37135645760.0,22.125395449794137,,,
4442,823,4044007341.0,38047854838.0,22.12050195338489,,,
4463,824,4135228165.0,37908496158.0,22.14280834285986,,,
4483,825,4114299611.0,37964662945.0,22.137734452700904,,,
4504,826,4290680688.0,39640252675.0,22.179711225831284,,,
4525,827,4211045888.0,39578713873.0,22.160976883240895,,,
4546,828,4218552737.0,38080063747.0,22.162757952854857,,,
4567,829,4272978838.0,39677783830.0,22.17557704110364,,,
4588,830,4447727799.0,41160316067.0,22.21565919575414,,,
4609,831,4337672536.0,39722803621.0,22.190603759180437,,,
4630,832,4321213900.0,40428647937.0,22.186802195100995,,,
4652,833,4668901746.0,42063192563.0,22.264189708807166,,,
4673,834,5295771695.0,43390506361.0,22.39017454570175,,,
4695,835,5054693218.0,43523161418.0,22.343582998754258,,,
4717,836,4711943739.0,42502741144.0,22.273366343283836,,,
4738,837,4678175903.0,43159533366.0,22.26617410658187,,,
4760,838,4662394057.0,43737161912.0,22.26279489929894,,,
4804,840,4754717996.0,43245127009.0,22.282403224350134,,,
4782,839,4543135828.0,45616686752.0,22.236883321581814,,,24.543539424071795
4849,842,4572016767.0,43989548195.0,22.243220250195083,,,24.507217901624607
4871,843,4933714429.0,46251806997.0,22.31935797518643,,,24.55736637034703
4827,841,4640382910.0,44814077623.0,22.258062723486578,,,24.52578815966286
4916,845,4838744180.0,46267273710.0,22.299921057065433,,,24.557700716798074
4939,846,4889401906.0,46193122984.0,22.31033582334131,,,24.5560967707942
4894,844,4794624744.0,46019271204.0,22.290761282365334,,,24.552326084922363
4985,848,5061256297.0,48515761282.0,22.344880569468923,,,24.605154556983546
4962,847,4985447605.0,47053170388.0,22.32978902670041,,,24.574544084087023
5008,849,5066354202.0,47994916493.0,22.345887303570922,,,24.59436093584999
5031,850,5094892555.0,47717244881.0,22.351504415076853,,,24.588558697408804
5054,851,5221926416.0,48473767334.0,22.37613221597125,,,24.60428860885031
5078,852,5283037623.0,48318251426.0,22.387767076625092,,,24.60107520254236
5101,853,5190014561.0,49427524777.0,22.37000233970794,,,24.623773287692835
5125,854,5272740782.0,48318542068.0,22.385816136794624,,,24.601081217683998
5148,855,5348259821.0,49989107039.0,22.400037077840704,,,24.63507095941979
5172,856,5343155166.0,49877397891.0,22.399082170488573,,,24.632833789015766
5196,857,5463636161.0,50458458287.0,22.421380368601014,,,24.644416226521734
5220,858,5600228824.0,52002677376.0,22.44607329528128,,,24.674561042202377
5244,859,5525562479.0,51816083171.0,22.43265088532218,,,24.670966423947707
5268,860,5591685070.0,51894059377.0,22.444546522337784,,,24.672470157695972
5293,861,5898757454.0,54711640946.0,22.498007564661627,,,24.725342338101868
5317,862,5687975783.0,52758685116.0,22.461620271878513,,,24.688994242498612
5342,863,5769659408.0,54363016011.0,22.475878887647937,,,24.71894990686467
5366,864,5698070947.0,54320763746.0,22.463393524155563,,,24.71817238022319
5391,865,6034453542.0,56401991986.0,22.5207511392603,,,24.755770313727435
5416,866,5876060924.0,54542541576.0,22.49415246348203,,,24.722246813498117
5441,867,6013515319.0,54574116495.0,22.51727532614664,,,24.722825550428656
5466,868,6114443243.0,57239703887.0,22.533919554189016,,,24.77051361843819
5492,869,6083551686.0,56603141148.0,22.528854521251684,,,24.759330317930115
5517,870,6114171045.0,58728625803.0,22.533875035980554,,,24.79619310765439
5542,871,6558533064.0,59335384343.0,22.604032796603427,,,24.80647166555159
5568,872,6370923106.0,61372852410.0,22.575010210631064,,,24.84023343116579
5594,873,6227971849.0,59251246217.0,22.5523165708373,,,24.80505264993877
5620,874,6311846641.0,59030045746.0,22.5656941237753,,,24.80131240116059
5646,875,6404521581.0,59973552851.0,22.580270074891743,,,24.81716951617722
5672,876,6648411379.0,62207418293.0,22.61764377269938,,,24.853740094740793
5698,877,6711486969.0,63171742685.0,22.62708636829729,,,24.869122928701447
5724,878,6814750080.0,62614369201.0,22.642355229375514,,,24.860260628664275
5751,879,6611318453.0,62857421841.0,22.612048934308632,,,24.8641348531731
5777,880,6752748539.0,65491216736.0,22.63321544991407,,,24.905181874962405
5804,881,6950135481.0,65812275168.0,22.662026990002175,,,24.910072210584058
5831,882,6844440139.0,65373927763.0,22.64670250110726,,,24.90338935786621
5858,883,6993978838.0,64558140363.0,22.66831544984667,,,24.890832055706994
5885,884,7153883942.0,66788371344.0,22.690921254839232,,,24.92479482065839
5912,885,7053271702.0,66432276044.0,22.676757417328524,,,24.919448860327755
5939,886,7252066275.0,69072198076.0,22.7045522686555,,,24.958418143429732
5967,887,7275570081.0,68254853674.0,22.707788008583336,,,24.946514384585413
5994,888,7319393895.0,69214114653.0,22.71379336026191,,,24.96047064774518
6022,889,7360224983.0,68737518910.0,22.719356337562385,,,24.95356101388487
6050,890,7543642720.0,70803732217.0,22.743971021665086,,,24.98317755118608
6078,891,7683661253.0,73320210663.0,22.762361996159463,,,25.01810213311346
6106,892,7606667589.0,73888737080.0,22.75229101396551,,,25.02582624570754
6134,893,7669134944.0,72930752012.0,22.760469661610312,,,25.012776225311303
6162,894,7732543269.0,73914295489.0,22.768703658240142,,,25.02617208988693
6191,895,7917898732.0,74619788771.0,22.79239169595523,,,25.03567157400639
6220,896,7878114856.0,75849741461.0,22.787354480723703,,,25.052020134178782
6248,897,7976659827.0,74933068177.0,22.79978559273896,,,25.039861127728408
6277,898,7978290108.0,76001656303.0,22.799989953268113,,,25.054020970455795
6306,899,8098352335.0,78714046251.0,22.81492646250098,,,25.08908745485608
6335,900,8270784717.0,76714315519.0,22.835995228663094,,,25.063354170915716
6365,901,8290497936.0,77919036688.0,22.838375868946017,,,25.078936133370593
6394,902,8352222870.0,80400129388.0,22.8457935523571,,,25.11028162243352
6424,903,8479322417.0,79360559746.0,22.860896379902094,,,25.09726735314916
6453,904,8464957024.0,78731569785.0,22.85920077561372,,,25.08931005278562
6483,905,8591786886.0,82500833375.0,22.87407257063435,,,25.136074231751177
6513,906,8966530458.0,84976183899.0,22.916764644213096,,,25.165636864752805
6543,907,8921426432.0,84147808764.0,22.911721684654808,,,25.155840717600693
6573,908,8788977878.0,83516318810.0,22.89676425951585,,,25.148307884558616
6604,909,8966399636.0,84081867823.0,22.916750054070903,,,25.155056778099475
6634,910,8891318843.0,85435745336.0,22.908341226762847,,,25.171030413821
6665,911,9143476563.0,86554846694.0,22.93630651803403,,,25.18404411577603
6696,912,9187390254.0,86022105457.0,22.941097756271166,,,25.17787014036842
6727,913,9147474081.0,86052006554.0,22.93674362140186,,,25.178217677798095
6758,914,9348144342.0,88741173958.0,22.95844369445375,,,25.208989811996055
6789,915,9474133803.0,94698034455.0,22.971831164527465,,,25.27395908143202
6820,916,9509860268.0,92822245364.0,22.975595020230674,,,25.253952160986138
6852,917,9844893978.0,91636351155.0,23.010218779858132,,,25.241093876573988
6883,918,9610336095.0,93482547044.0,22.986105032782195,,,25.261040593186397
6915,919,9897335451.0,94621601443.0,23.015531411496937,,,25.273151632000904
6947,920,10006403567.0,94835218361.0,23.02649108169959,,,25.275406678916028
6979,921,10077375688.0,94697142410.0,23.033558717280403,,,25.273949661498367
7012,922,10199416781.0,98890739361.0,23.04559637726856,,,25.317281434800623
7044,923,10318192023.0,96370055615.0,23.057174390082224,,,25.291461363908123
7077,924,10432336530.0,99338176218.0,23.068176101004557,,,25.321795787467757
7109,925,10515268601.0,98136238558.0,23.076094190330213,,,25.30962253956573
7142,926,10473426473.0,100137705736.0,23.07210707409615,,,25.32981213302055
7175,927,10701602270.0,102789222418.0,23.09365931206344,,,25.355946344179518
7208,928,10926441911.0,101647689544.0,23.11445155191934,,,25.344778647239576
7242,929,10749121459.0,102568080379.0,23.098089863436247,,,25.353792613861973
7275,930,10874288620.0,102228322835.0,23.10966699752868,,,25.35047460778011
7309,931,11225501423.0,107578940647.0,23.14145393977749,,,25.4014907466246
7342,932,10980158297.0,105495395118.0,23.11935568977269,,,25.381933140739307
7376,933,11172623389.0,109726039570.0,23.13673228270284,,,25.421252546797994
7410,934,11175251005.0,108557553718.0,23.136967438491332,,,25.410546318302405
7445,935,11535988805.0,110632912600.0,23.168737447048173,,,25.429483464044303
7479,936,11561108418.0,112684234205.0,23.170912579504108,,,25.447855356502746
7514,937,11639557440.0,113934534605.0,23.177675257908344,,,25.458889862540836
7548,938,11802442240.0,112315133076.0,23.191572316494323,,,25.44457444540903
7583,939,11774213648.0,111656671237.0,23.18917769313271,,,25.438694564786545
7618,940,12207164090.0,115191259770.0,23.225288836830938,,,25.469859712277838
7653,941,12291269714.0,115826496935.0,23.23215506796257,,,25.475359192275256
7689,942,12180054361.0,116030872860.0,23.223065562354492,,,25.477122137987212
7724,943,12367544391.0,116205519505.0,23.23834149038656,,,25.47862618027916
7760,944,12334097834.0,122424032715.0,23.23563344554198,,,25.530756533462124
7796,945,12770039327.0,120960410262.0,23.2703675866259,,,25.51872914108815
7832,946,12839634276.0,119548855564.0,23.275802651625003,,,25.506990957940015
7868,947,12849190432.0,122686931294.0,23.27654664490219,,,25.53290167356939
7904,948,13053927392.0,127921676249.0,23.292354875017416,,,25.574684009271493
7941,949,12949425118.0,123451812456.0,23.28431723167415,,,25.539116734330918
7978,950,13294626067.0,123910245030.0,23.310625735409076,,,25.542823310056516
8015,951,13525549529.0,127423198925.0,23.327846291463537,,,25.570779658679843
8052,952,13618581470.0,128082927106.0,23.334700981729785,,,25.57594375910577
8089,953,14004724577.0,128822663746.0,23.362660579417263,,,25.581702595898253
8126,954,13660561374.0,129929351142.0,23.337778786437894,,,25.590256686924175
8164,955,13854426781.0,133466856748.0,23.35187064168805,,,25.617119019904166
8201,956,13931292189.0,134397924704.0,23.357403383465332,,,25.624070823725766
8239,957,14104455668.0,138246425982.0,23.36975658923422,,,25.65230362516659
8277,958,14130598231.0,134846939685.0,23.371608370397023,,,25.627406192058835
8316,959,14221258753.0,136546325280.0,23.3780037773054,,,25.639929773335943
8354,960,14559956633.0,142796260598.0,23.401540901207767,,,25.68468470022051
8393,961,14860112071.0,140116474633.0,23.421946417997624,,,25.665739875331724
8431,962,14694347084.0,139001099358.0,23.410728704663136,,,25.657747679096186
8470,963,14875005368.0,142628958245.0,23.422948149251987,,,25.683512397556868
8510,964,14869787275.0,142203400441.0,23.42259729166719,,,25.680524267116837
8549,965,15297189464.0,145847089645.0,23.450934953307378,,,25.705824578621556
8588,966,15591723722.0,148463650439.0,23.4700060797797,,,25.72360598703754
8628,967,15775350868.0,151209903630.0,23.481714487154864,,,25.741934798745213
8668,968,15511044390.0,146897639985.0,23.464818148424914,,,25.7130018545445
8708,969,15812096252.0,153028858757.0,23.484041069637808,,,25.753892359879256
8748,970,15837384770.0,153243613118.0,23.485639106797667,,,25.755294734665867
8789,971,16191439428.0,153438144497.0,23.507748509145845,,,25.75656335531421
8829,972,16168062073.0,159308030968.0,23.506303656290733,,,25.794105466703403
8870,973,16415260782.0,151350753816.0,23.521477274584615,,,25.742865853016205
8911,974,16434170513.0,159408734840.0,23.522628572025287,,,25.794737400044568
8952,975,16771617604.0,162478306383.0,23.5429538663289,,,25.813810330622854
8994,976,17051902163.0,161044711871.0,23.559527598265472,,,25.804947876860094
9035,977,17271222285.0,165584686294.0,23.57230750164399,,,25.832748600551533
9077,978,17212771469.0,164999459480.0,23.568917472496274,,,25.829208034962836
9119,979,17062198187.0,164179993199.0,23.560131221061148,,,25.824229182442483
9161,980,17648970512.0,174799682959.0,23.593943290692565,,,25.8869064864305
9203,981,18022854952.0,172447010582.0,23.61490650898595,,,25.873355841194954
9246,982,17783411818.0,169502965096.0,23.601531939399642,,,25.85613625680565
9288,983,18150656159.0,172002293810.0,23.62197254901482,,,25.87077364977559
9331,984,18035564229.0,174205306425.0,23.615611436035717,,,25.88350036258284
9375,985,18348442289.0,174162865156.0,23.63281051896089,,,25.883256705023555
9418,986,18465453077.0,176135103232.0,23.63916742202004,,,25.89451716950581
9461,987,18879821623.0,181598352547.0,23.66135954968481,,,25.9250632311947
9505,988,18710894943.0,182434981309.0,23.652371808424128,,,25.929659679690864
9549,989,18911960215.0,178811145233.0,23.66306037447711,,,25.909596031261067
9593,990,19080460951.0,185656477879.0,23.671930661532173,,,25.94716390992601
9637,991,19562457128.0,191718242094.0,23.696878113704443,,,25.979292642063736
9682,992,19795422979.0,189088548547.0,23.708716585247924,,,25.96548125311981
9727,993,19816283996.0,192853292614.0,23.709769860681963,,,25.98519559490058
9772,994,19866954136.0,193849221229.0,23.712323592177803,,,25.990346483665544
9817,995,20083423452.0,196022281216.0,23.723160607875514,,,26.001494169389353
9862,996,20030837870.0,200232350948.0,23.720538816503126,,,26.022744283919618
9908,997,20619580492.0,200280925108.0,23.749506970614398,,,26.022986843470783
9954,998,20643164351.0,199308591165.0,23.75065007738821,,,26.018120169934537
10000,999,20692248193.0,202203159123.0,23.75302498365135,,,26.03253876716444
